[ { "id": "2", "name": "Docklands Drive - Docklands", "terminalName": "60000", "lastCommWithServer": "1389213374220", "lat": "-37.814022", "long": "144.939521", "installed": "true", "locked": "false", "installDate": "1313724600000", "removalDate": {  }, "temporary": "false", "public": "true", "nbBikes": "10", "nbEmptyDocks": "10", "latestUpdateTime": "1389195252033" }, { "id": "4", "name": "Federation Square", "terminalName": "60001", "lastCommWithServer": "1389213373276", "lat": "-37.817523", "long": "144.967814", "installed": "true", "locked": "false", "installDate": {  }, "removalDate": {  }, "temporary": "false", "public": "true", "nbBikes": "25", "nbEmptyDocks": "2", "latestUpdateTime": "1389211782752" }, { "id": "5", "name": "Plum Garland ", "terminalName": "60002", "lastCommWithServer": "1389213167992", "lat": "-37.84782", "long": "144.948196", "installed": "true", "locked": "false", "installDate": "1387326600000", "removalDate": {  }, "temporary": "false", "public": "true", "nbBikes": "17", "nbEmptyDocks": "1", "latestUpdateTime": "1389212322194" }, { "id": "6", "name": "Swanston St / Little Lonsdale St", "terminalName": "60003", "lastCommWithServer": "1389213288894", "lat": "-37.810702", "long": "144.964417", "installed": "true", "locked": "false", "installDate": {  }, "removalDate": {  }, "temporary": "false", "public": "true", "nbBikes": "7", "nbEmptyDocks": "4", "latestUpdateTime": "1389180406286" }, { "id": "7", "name": "205 Bourke St  near Russell St", "terminalName": "60004", "lastCommWithServer": "1389213424016", "lat": "-37.813088", "long": "144.967437", "installed": "true", "locked": "false", "installDate": {  }, "removalDate": {  }, "temporary": "false", "public": "true", "nbBikes": "4", "nbEmptyDocks": "6", "latestUpdateTime": "1389188029733" }, { "id": "8", "name": "Melbourne Uni - Tin Alley", "terminalName": "60005", "lastCommWithServer": "1389213237044", "lat": "-37.79625", "long": "144.960858", "installed": "true", "locked": "false", "installDate": {  }, "removalDate": {  }, "temporary": "false", "public": "true", "nbBikes": "12", "nbEmptyDocks": "11", "latestUpdateTime": "1389212975497" }, { "id": "9", "name": "RMIT - Swanston St / Franklin St", "terminalName": "60006", "lastCommWithServer": "1389213166269", "lat": "-37.807699", "long": "144.963095", "installed": "true", "locked": "false", "installDate": "1356555600000", "removalDate": {  }, "temporary": "false", "public": "true", "nbBikes": "6", "nbEmptyDocks": "5", "latestUpdateTime": "1389210854383" }, { "id": "10", "name": "Swanston St (East) / Flinders St (St Pauls)", "terminalName": "60007", "lastCommWithServer": "1389213542824", "lat": "-37.817189", "long": "144.967409", "installed": "true", "locked": "false", "installDate": {  }, "removalDate": {  }, "temporary": "false", "public": "true", "nbBikes": "9", "nbEmptyDocks": "2", "latestUpdateTime": "1389194296078" }, { "id": "11", "name": "MSAC (Melbourne Sports \x26 Aquatic Centre)", "terminalName": "60008", "lastCommWithServer": "1389213046105", "lat": "-37.842395", "long": "144.961868", "installed": "true", "locked": "false", "installDate": {  }, "removalDate": {  }, "temporary": "false", "public": "true", "nbBikes": "8", "nbEmptyDocks": "18", "latestUpdateTime": "1389167911697" }, { "id": "12", "name": "Elizabeth St / Bourke St (GPO)", "terminalName": "60009", "lastCommWithServer": "1389213419589", "lat": "-37.813848", "long": "144.963106", "installed": "true", "locked": "false", "installDate": {  }, "removalDate": {  }, "temporary": "false", "public": "true", "nbBikes": "7", "nbEmptyDocks": "0", "latestUpdateTime": "1389212573590" }, { "id": "14", "name": "Victoria Parade / Morrison Pl (Eye and Ear Hospital)", "terminalName": "60010", "lastCommWithServer": "1389213441604", "lat": "-37.808595", "long": "144.976745", "installed": "true", "locked": "false", "installDate": "1277175180000", "removalDate": {  }, "temporary": "false", "public": "true", "nbBikes": "7", "nbEmptyDocks": "12", "latestUpdateTime": "1389188027230" }, { "id": "15", "name": "Coventry Street / St Kilda Rd", "terminalName": "60017", "lastCommWithServer": "1389213445394", "lat": "-37.828887", "long": "144.970822", "installed": "true", "locked": "false", "installDate": "1277175420000", "removalDate": {  }, "temporary": "false", "public": "true", "nbBikes": "10", "nbEmptyDocks": "1", "latestUpdateTime": "1389212247093" }, { "id": "16", "name": "Docklands @ NAB - Harbour Esplanade / Bourke St", "terminalName": "60011", "lastCommWithServer": "1389213300876", "lat": "-37.818306", "long": "144.945923", "installed": "true", "locked": "false", "installDate": "1277175720000", "removalDate": {  }, "temporary": "false", "public": "true", "nbBikes": "4", "nbEmptyDocks": "25", "latestUpdateTime": "1389210766091" }, { "id": "17", "name": "Yarra\'s Point", "terminalName": "60024", "lastCommWithServer": "1389213038084", "lat": "-37.823805", "long": "144.943051", "installed": "true", "locked": "false", "installDate": "1277175840000", "removalDate": {  }, "temporary": "false", "public": "true", "nbBikes": "19", "nbEmptyDocks": "12", "latestUpdateTime": "1389208531857" }, { "id": "18", "name": "Lygon St / Argyle Square", "terminalName": "60021", "lastCommWithServer": "1389213509391", "lat": "-37.802129", "long": "144.96677", "installed": "true", "locked": "false", "installDate": "1277176440000", "removalDate": {  }, "temporary": "false", "public": "true", "nbBikes": "5", "nbEmptyDocks": "6", "latestUpdateTime": "1389188026568" }, { "id": "19", "name": "Faraday St / Dorrit St", "terminalName": "60012", "lastCommWithServer": "1389213140682", "lat": "-37.798616", "long": "144.966327", "installed": "true", "locked": "false", "installDate": "1277177460000", "removalDate": {  }, "temporary": "false", "public": "true", "nbBikes": "5", "nbEmptyDocks": "5", "latestUpdateTime": "1389213139381" }, { "id": "20", "name": "Parliament Station - Nicholson St / Albert St", "terminalName": "60025", "lastCommWithServer": "1389213490902", "lat": "-37.809072", "long": "144.972762", "installed": "true", "locked": "false", "installDate": "1277186940000", "removalDate": {  }, "temporary": "false", "public": "true", "nbBikes": "0", "nbEmptyDocks": "15", "latestUpdateTime": "1389210604313" }, { "id": "21", "name": "Bridport st/Montague st  Albert Park", "terminalName": "60014", "lastCommWithServer": "1389213083412", "lat": "-37.840885", "long": "144.955303", "installed": "true", "locked": "false", "installDate": "1317270960000", "removalDate": {  }, "temporary": "false", "public": "true", "nbBikes": "15", "nbEmptyDocks": "8", "latestUpdateTime": "1389168610442" }, { "id": "22", "name": "Pickles st / Ingles st", "terminalName": "60027", "lastCommWithServer": "1389213461412", "lat": "-37.835803", "long": "144.94852", "installed": "true", "locked": "false", "installDate": "1316669400000", "removalDate": {  }, "temporary": "false", "public": "true", "nbBikes": "16", "nbEmptyDocks": "6", "latestUpdateTime": "1389188027762" }, { "id": "23", "name": "Docklands - Yarra\'s Edge (near Lorimer St)", "terminalName": "60015", "lastCommWithServer": "1389213169679", "lat": "-37.824468", "long": "144.946033", "installed": "true", "locked": "false", "installDate": "1277275200000", "removalDate": {  }, "temporary": "false", "public": "true", "nbBikes": "5", "nbEmptyDocks": "6", "latestUpdateTime": "1389177831480" }, { "id": "24", "name": "North Melbourne Station - North Melbourne", "terminalName": "60038", "lastCommWithServer": "1389213100507", "lat": "-37.807021", "long": "144.941854", "installed": "true", "locked": "false", "installDate": "1313712000000", "removalDate": {  }, "temporary": "false", "public": "true", "nbBikes": "13", "nbEmptyDocks": "9", "latestUpdateTime": "1389211409288" }, { "id": "25", "name": "Sandridge Bridge  Southbank", "terminalName": "60026", "lastCommWithServer": "1389213142537", "lat": "-37.820836", "long": "144.962266", "installed": "true", "locked": "false", "installDate": "1277275500000", "removalDate": {  }, "temporary": "false", "public": "true", "nbBikes": "17", "nbEmptyDocks": "10", "latestUpdateTime": "1389192583604" }, { "id": "26", "name": "Beach St  Port Melbourne", "terminalName": "60029", "lastCommWithServer": "1389213012862", "lat": "-37.841954", "long": "144.935296", "installed": "true", "locked": "false", "installDate": "1317348540000", "removalDate": {  }, "temporary": "false", "public": "true", "nbBikes": "28", "nbEmptyDocks": "11", "latestUpdateTime": "1389211321854" }, { "id": "27", "name": "Docklands - New Quay / Harbour Esplanade", "terminalName": "60028", "lastCommWithServer": "1389212720388", "lat": "-37.814117", "long": "144.944081", "installed": "true", "locked": "false", "installDate": "1277277780000", "removalDate": {  }, "temporary": "false", "public": "true", "nbBikes": "15", "nbEmptyDocks": "12", "latestUpdateTime": "1389188027755" }, { "id": "28", "name": "Queensbridge  Southbank", "terminalName": "60035", "lastCommWithServer": "1389213140726", "lat": "-37.821071", "long": "144.961113", "installed": "true", "locked": "false", "installDate": "1277364000000", "removalDate": {  }, "temporary": "false", "public": "true", "nbBikes": "15", "nbEmptyDocks": "0", "latestUpdateTime": "1389188028981" }, { "id": "29", "name": "Southern Cross Station", "terminalName": "60034", "lastCommWithServer": "1389213477430", "lat": "-37.818124", "long": "144.953581", "installed": "true", "locked": "false", "installDate": "1277364120000", "removalDate": {  }, "temporary": "false", "public": "true", "nbBikes": "23", "nbEmptyDocks": "3", "latestUpdateTime": "1389213475422" }, { "id": "30", "name": "Collins St / Market St (Suncorp Forecourt)", "terminalName": "60023", "lastCommWithServer": "1389212754749", "lat": "-37.817556", "long": "144.959859", "installed": "true", "locked": "false", "installDate": "1277364240000", "removalDate": {  }, "temporary": "false", "public": "true", "nbBikes": "10", "nbEmptyDocks": "1", "latestUpdateTime": "1389169243441" }, { "id": "31", "name": "St Kilda - Cleve Gardens", "terminalName": "60032", "lastCommWithServer": "1389213018475", "lat": "-37.861984", "long": "144.97341", "installed": "true", "locked": "false", "installDate": "1387333800000", "removalDate": {  }, "temporary": "false", "public": "true", "nbBikes": "11", "nbEmptyDocks": "4", "latestUpdateTime": "1389212171094" }, { "id": "32", "name": "Bourke Street / Exhibition St (opp. Department of Transport)", "terminalName": "60030", "lastCommWithServer": "1389213007740", "lat": "-37.812052", "long": "144.970272", "installed": "true", "locked": "false", "installDate": "1277364480000", "removalDate": {  }, "temporary": "false", "public": "true", "nbBikes": "7", "nbEmptyDocks": "8", "latestUpdateTime": "1389188028568" }, { "id": "33", "name": "Docklands - Siddeley St / Seafarers Bridge", "terminalName": "60031", "lastCommWithServer": "1389212782294", "lat": "-37.823124", "long": "144.951918", "installed": "true", "locked": "false", "installDate": "1277366340000", "removalDate": {  }, "temporary": "false", "public": "true", "nbBikes": "11", "nbEmptyDocks": "12", "latestUpdateTime": "1389192316158" }, { "id": "34", "name": "Bourke Street / New Chancery Ln (RACV)", "terminalName": "60013", "lastCommWithServer": "1389213523028", "lat": "-37.815505", "long": "144.959278", "installed": "true", "locked": "false", "installDate": "1277449260000", "removalDate": {  }, "temporary": "false", "public": "true", "nbBikes": "1", "nbEmptyDocks": "10", "latestUpdateTime": "1389201318154" }, { "id": "35", "name": "Elizabeth St / Little Lonsdale St (360 Elizabeth)", "terminalName": "60033", "lastCommWithServer": "1389212779207", "lat": "-37.811187", "long": "144.961858", "installed": "true", "locked": "false", "installDate": "1277449680000", "removalDate": {  }, "temporary": "false", "public": "true", "nbBikes": "4", "nbEmptyDocks": "3", "latestUpdateTime": "1389188026751" }, { "id": "36", "name": "Collins St / King St ", "terminalName": "60022", "lastCommWithServer": "1389213252622", "lat": "-37.818294", "long": "144.956553", "installed": "true", "locked": "false", "installDate": "1314738000000", "removalDate": {  }, "temporary": "false", "public": "true", "nbBikes": "4", "nbEmptyDocks": "5", "latestUpdateTime": "1389172090242" }, { "id": "37", "name": "University Square - Grattan St", "terminalName": "60045", "lastCommWithServer": "1389213377092", "lat": "-37.800214", "long": "144.960313", "installed": "true", "locked": "false", "installDate": "1279193820000", "removalDate": {  }, "temporary": "false", "public": "true", "nbBikes": "5", "nbEmptyDocks": "10", "latestUpdateTime": "1389178081689" }, { "id": "38", "name": "Aquarium - Kings Way / Yarra River", "terminalName": "60046", "lastCommWithServer": "1389213255610", "lat": "-37.821324", "long": "144.958318", "installed": "true", "locked": "false", "installDate": "1279194060000", "removalDate": {  }, "temporary": "false", "public": "true", "nbBikes": "2", "nbEmptyDocks": "8", "latestUpdateTime": "1389213254375" }, { "id": "39", "name": "Richmond Station - Brunton Avenue", "terminalName": "60020", "lastCommWithServer": "1389212919521", "lat": "-37.822962", "long": "144.988507", "installed": "true", "locked": "false", "installDate": "1279850040000", "removalDate": {  }, "temporary": "false", "public": "true", "nbBikes": "13", "nbEmptyDocks": "5", "latestUpdateTime": "1389211629708" }, { "id": "40", "name": "Rod Laver Arena - Batman Ave / Swan St", "terminalName": "60047", "lastCommWithServer": "1389212829747", "lat": "-37.822987", "long": "144.978459", "installed": "true", "locked": "false", "installDate": "1279850640000", "removalDate": {  }, "temporary": "false", "public": "true", "nbBikes": "3", "nbEmptyDocks": "19", "latestUpdateTime": "1389187760226" }, { "id": "41", "name": "Park St / St Kilda Rd", "terminalName": "60016", "lastCommWithServer": "1389213050751", "lat": "-37.832396", "long": "144.971678", "installed": "true", "locked": "false", "installDate": {  }, "removalDate": {  }, "temporary": "false", "public": "true", "nbBikes": "10", "nbEmptyDocks": "5", "latestUpdateTime": "1389188027324" }, { "id": "42", "name": "Kingsway / St Kilda Rd", "terminalName": "60018", "lastCommWithServer": "1389212927558", "lat": "-37.836323", "long": "144.975162", "installed": "true", "locked": "false", "installDate": "1315359000000", "removalDate": {  }, "temporary": "false", "public": "true", "nbBikes": "11", "nbEmptyDocks": "16", "latestUpdateTime": "1389212926065" }, { "id": "43", "name": "Spring St / Collins St", "terminalName": "60019", "lastCommWithServer": "1389213387534", "lat": "-37.813774", "long": "144.974054", "installed": "true", "locked": "false", "installDate": "1279850400000", "removalDate": {  }, "temporary": "false", "public": "true", "nbBikes": "7", "nbEmptyDocks": "4", "latestUpdateTime": "1389210787337" }, { "id": "44", "name": "Queens Rd / Bowen Cres", "terminalName": "60036", "lastCommWithServer": "1389212872585", "lat": "-37.835383", "long": "144.973699", "installed": "true", "locked": "false", "installDate": {  }, "removalDate": {  }, "temporary": "false", "public": "true", "nbBikes": "11", "nbEmptyDocks": "4", "latestUpdateTime": "1389207201673" }, { "id": "45", "name": "St Kilda - Luna Park", "terminalName": "60037", "lastCommWithServer": "1389213250976", "lat": "-37.867068", "long": "144.976428", "installed": "true", "locked": "false", "installDate": "1387929600000", "removalDate": {  }, "temporary": "false", "public": "true", "nbBikes": "18", "nbEmptyDocks": "0", "latestUpdateTime": "1389188028312" }, { "id": "46", "name": "York St / Cecil St", "terminalName": "60039", "lastCommWithServer": "1389213326706", "lat": "-37.831475", "long": "144.957511", "installed": "true", "locked": "false", "installDate": "1286867100000", "removalDate": {  }, "temporary": "false", "public": "true", "nbBikes": "13", "nbEmptyDocks": "1", "latestUpdateTime": "1389212481185" }, { "id": "47", "name": "VCAM - St Kilda Rd / Southbank Blvd", "terminalName": "60040", "lastCommWithServer": "1389213028879", "lat": "-37.824088", "long": "144.970085", "installed": "true", "locked": "false", "installDate": "1280967360000", "removalDate": {  }, "temporary": "false", "public": "true", "nbBikes": "8", "nbEmptyDocks": "3", "latestUpdateTime": "1389188027283" }, { "id": "48", "name": "Museum - Rathdowne St", "terminalName": "60041", "lastCommWithServer": "1389212896372", "lat": "-37.803868", "long": "144.969609", "installed": "true", "locked": "false", "installDate": {  }, "removalDate": {  }, "temporary": "false", "public": "true", "nbBikes": "10", "nbEmptyDocks": "5", "latestUpdateTime": "1389211755668" }, { "id": "49", "name": "Jolimont Station - Wellington Parade South", "terminalName": "60042", "lastCommWithServer": "1389212982984", "lat": "-37.816731", "long": "144.982006", "installed": "true", "locked": "false", "installDate": "1282704240000", "removalDate": {  }, "temporary": "false", "public": "true", "nbBikes": "9", "nbEmptyDocks": "2", "latestUpdateTime": "1389211838707" }, { "id": "50", "name": "ACCA (Australian Centre of Contemporary Art)", "terminalName": "60043", "lastCommWithServer": "1389213466161", "lat": "-37.826578", "long": "144.966542", "installed": "true", "locked": "false", "installDate": "1317170580000", "removalDate": {  }, "temporary": "false", "public": "true", "nbBikes": "8", "nbEmptyDocks": "15", "latestUpdateTime": "1389181368571" }, { "id": "51", "name": "Docklands - Collins St (ANZ) ", "terminalName": "60044", "lastCommWithServer": "1389213553560", "lat": "-37.821568", "long": "144.944488", "installed": "true", "locked": "false", "installDate": "1282909260000", "removalDate": {  }, "temporary": "false", "public": "true", "nbBikes": "3", "nbEmptyDocks": "15", "latestUpdateTime": "1389163771957" }, { "id": "52", "name": "William St / Peel St (Flagstaff Gardens)", "terminalName": "60048", "lastCommWithServer": "1389212864582", "lat": "-37.809216", "long": "144.955223", "installed": "true", "locked": "false", "installDate": "1279850880000", "removalDate": {  }, "temporary": "false", "public": "true", "nbBikes": "3", "nbEmptyDocks": "8", "latestUpdateTime": "1389207998178" }, { "id": "53", "name": "Victoria Market - Elizabeth St / Victoria St (NW)", "terminalName": "60049", "lastCommWithServer": "1389213528171", "lat": "-37.806091", "long": "144.959017", "installed": "true", "locked": "false", "installDate": {  }, "removalDate": {  }, "temporary": "false", "public": "true", "nbBikes": "23", "nbEmptyDocks": "1", "latestUpdateTime": "1389211728006" }, { "id": "55", "name": "Coventry St / Clarendon St", "terminalName": "60050", "lastCommWithServer": "1389212997932", "lat": "-37.831776", "long": "144.960818", "installed": "true", "locked": "false", "installDate": "1286866860000", "removalDate": {  }, "temporary": "false", "public": "true", "nbBikes": "6", "nbEmptyDocks": "5", "latestUpdateTime": "1389188028240" } ]