[ { "id": "2", "name": "Docklands Drive - Docklands", "terminalName": "60000", "lastCommWithServer": "1389128351334", "lat": "-37.814022", "long": "144.939521", "installed": "true", "locked": "false", "installDate": "1313724600000", "removalDate": {  }, "temporary": "false", "public": "true", "nbBikes": "12", "nbEmptyDocks": "11", "latestUpdateTime": "1389127574560" }, { "id": "4", "name": "Federation Square", "terminalName": "60001", "lastCommWithServer": "1389128938691", "lat": "-37.817523", "long": "144.967814", "installed": "true", "locked": "false", "installDate": {  }, "removalDate": {  }, "temporary": "false", "public": "true", "nbBikes": "19", "nbEmptyDocks": "8", "latestUpdateTime": "1389128093288" }, { "id": "5", "name": "Plum Garland ", "terminalName": "60002", "lastCommWithServer": "1389128906826", "lat": "-37.84782", "long": "144.948196", "installed": "true", "locked": "false", "installDate": "1387326600000", "removalDate": {  }, "temporary": "false", "public": "true", "nbBikes": "14", "nbEmptyDocks": "5", "latestUpdateTime": "1389122656325" }, { "id": "6", "name": "Swanston St / Little Lonsdale St", "terminalName": "60003", "lastCommWithServer": "1389128963225", "lat": "-37.810702", "long": "144.964417", "installed": "true", "locked": "false", "installDate": {  }, "removalDate": {  }, "temporary": "false", "public": "true", "nbBikes": "6", "nbEmptyDocks": "5", "latestUpdateTime": "1389122451468" }, { "id": "7", "name": "205 Bourke St  near Russell St", "terminalName": "60004", "lastCommWithServer": "1389128259669", "lat": "-37.813088", "long": "144.967437", "installed": "true", "locked": "false", "installDate": {  }, "removalDate": {  }, "temporary": "false", "public": "true", "nbBikes": "6", "nbEmptyDocks": "5", "latestUpdateTime": "1389077179764" }, { "id": "8", "name": "Melbourne Uni - Tin Alley", "terminalName": "60005", "lastCommWithServer": "1389128923938", "lat": "-37.79625", "long": "144.960858", "installed": "true", "locked": "false", "installDate": {  }, "removalDate": {  }, "temporary": "false", "public": "true", "nbBikes": "19", "nbEmptyDocks": "4", "latestUpdateTime": "1389122944688" }, { "id": "9", "name": "RMIT - Swanston St / Franklin St", "terminalName": "60006", "lastCommWithServer": "1389128259408", "lat": "-37.807699", "long": "144.963095", "installed": "true", "locked": "false", "installDate": "1356555600000", "removalDate": {  }, "temporary": "false", "public": "true", "nbBikes": "3", "nbEmptyDocks": "8", "latestUpdateTime": "1389128258048" }, { "id": "10", "name": "Swanston St (East) / Flinders St (St Pauls)", "terminalName": "60007", "lastCommWithServer": "1389128337714", "lat": "-37.817189", "long": "144.967409", "installed": "true", "locked": "false", "installDate": {  }, "removalDate": {  }, "temporary": "false", "public": "true", "nbBikes": "1", "nbEmptyDocks": "10", "latestUpdateTime": "1389101616973" }, { "id": "11", "name": "MSAC (Melbourne Sports \x26 Aquatic Centre)", "terminalName": "60008", "lastCommWithServer": "1389128176644", "lat": "-37.842395", "long": "144.961868", "installed": "true", "locked": "false", "installDate": {  }, "removalDate": {  }, "temporary": "false", "public": "true", "nbBikes": "14", "nbEmptyDocks": "13", "latestUpdateTime": "1389101615609" }, { "id": "12", "name": "Elizabeth St / Bourke St (GPO)", "terminalName": "60009", "lastCommWithServer": "1389128581920", "lat": "-37.813848", "long": "144.963106", "installed": "true", "locked": "false", "installDate": {  }, "removalDate": {  }, "temporary": "false", "public": "true", "nbBikes": "5", "nbEmptyDocks": "2", "latestUpdateTime": "1389128321062" }, { "id": "14", "name": "Victoria Parade / Morrison Pl (Eye and Ear Hospital)", "terminalName": "60010", "lastCommWithServer": "1389128369321", "lat": "-37.808595", "long": "144.976745", "installed": "true", "locked": "false", "installDate": "1277175180000", "removalDate": {  }, "temporary": "false", "public": "true", "nbBikes": "6", "nbEmptyDocks": "13", "latestUpdateTime": "1389084347048" }, { "id": "15", "name": "Coventry Street / St Kilda Rd", "terminalName": "60017", "lastCommWithServer": "1389128227512", "lat": "-37.828887", "long": "144.970822", "installed": "true", "locked": "false", "installDate": "1277175420000", "removalDate": {  }, "temporary": "false", "public": "true", "nbBikes": "5", "nbEmptyDocks": "6", "latestUpdateTime": "1389125529849" }, { "id": "16", "name": "Docklands @ NAB - Harbour Esplanade / Bourke St", "terminalName": "60011", "lastCommWithServer": "1389128268907", "lat": "-37.818306", "long": "144.945923", "installed": "true", "locked": "false", "installDate": "1277175720000", "removalDate": {  }, "temporary": "false", "public": "true", "nbBikes": "17", "nbEmptyDocks": "16", "latestUpdateTime": "1389128267758" }, { "id": "17", "name": "Yarra\'s Point", "terminalName": "60024", "lastCommWithServer": "1389128996114", "lat": "-37.823805", "long": "144.943051", "installed": "true", "locked": "false", "installDate": "1277175840000", "removalDate": {  }, "temporary": "false", "public": "true", "nbBikes": "14", "nbEmptyDocks": "17", "latestUpdateTime": "1389128948186" }, { "id": "18", "name": "Lygon St / Argyle Square", "terminalName": "60021", "lastCommWithServer": "1389128346726", "lat": "-37.802129", "long": "144.96677", "installed": "true", "locked": "false", "installDate": "1277176440000", "removalDate": {  }, "temporary": "false", "public": "true", "nbBikes": "7", "nbEmptyDocks": "4", "latestUpdateTime": "1389128345204" }, { "id": "19", "name": "Faraday St / Dorrit St", "terminalName": "60012", "lastCommWithServer": "1389128879871", "lat": "-37.798616", "long": "144.966327", "installed": "true", "locked": "false", "installDate": "1277177460000", "removalDate": {  }, "temporary": "false", "public": "true", "nbBikes": "5", "nbEmptyDocks": "6", "latestUpdateTime": "1389128878682" }, { "id": "20", "name": "Parliament Station - Nicholson St / Albert St", "terminalName": "60025", "lastCommWithServer": "1389128511020", "lat": "-37.809072", "long": "144.972762", "installed": "true", "locked": "false", "installDate": "1277186940000", "removalDate": {  }, "temporary": "false", "public": "true", "nbBikes": "3", "nbEmptyDocks": "12", "latestUpdateTime": "1389095163274" }, { "id": "21", "name": "Bridport st/Montague st  Albert Park", "terminalName": "60014", "lastCommWithServer": "1389128307143", "lat": "-37.840885", "long": "144.955303", "installed": "true", "locked": "false", "installDate": "1317270960000", "removalDate": {  }, "temporary": "false", "public": "true", "nbBikes": "14", "nbEmptyDocks": "9", "latestUpdateTime": "1389128305922" }, { "id": "22", "name": "Pickles st / Ingles st", "terminalName": "60027", "lastCommWithServer": "1389128204152", "lat": "-37.835803", "long": "144.94852", "installed": "true", "locked": "false", "installDate": "1316669400000", "removalDate": {  }, "temporary": "false", "public": "true", "nbBikes": "14", "nbEmptyDocks": "8", "latestUpdateTime": "1389128202928" }, { "id": "23", "name": "Docklands - Yarra\'s Edge (near Lorimer St)", "terminalName": "60015", "lastCommWithServer": "1389128764211", "lat": "-37.824468", "long": "144.946033", "installed": "true", "locked": "false", "installDate": "1277275200000", "removalDate": {  }, "temporary": "false", "public": "true", "nbBikes": "11", "nbEmptyDocks": "0", "latestUpdateTime": "1389127918688" }, { "id": "24", "name": "North Melbourne Station - North Melbourne", "terminalName": "60038", "lastCommWithServer": "1389128904602", "lat": "-37.807021", "long": "144.941854", "installed": "true", "locked": "false", "installDate": "1313712000000", "removalDate": {  }, "temporary": "false", "public": "true", "nbBikes": "12", "nbEmptyDocks": "11", "latestUpdateTime": "1389127729635" }, { "id": "25", "name": "Sandridge Bridge  Southbank", "terminalName": "60026", "lastCommWithServer": "1389128747750", "lat": "-37.820836", "long": "144.962266", "installed": "true", "locked": "false", "installDate": "1277275500000", "removalDate": {  }, "temporary": "false", "public": "true", "nbBikes": "14", "nbEmptyDocks": "13", "latestUpdateTime": "1389128324604" }, { "id": "26", "name": "Beach St  Port Melbourne", "terminalName": "60029", "lastCommWithServer": "1389128660070", "lat": "-37.841954", "long": "144.935296", "installed": "true", "locked": "false", "installDate": "1317348540000", "removalDate": {  }, "temporary": "false", "public": "true", "nbBikes": "29", "nbEmptyDocks": "10", "latestUpdateTime": "1389128659100" }, { "id": "27", "name": "Docklands - New Quay / Harbour Esplanade", "terminalName": "60028", "lastCommWithServer": "1389128796972", "lat": "-37.814117", "long": "144.944081", "installed": "true", "locked": "false", "installDate": "1277277780000", "removalDate": {  }, "temporary": "false", "public": "true", "nbBikes": "17", "nbEmptyDocks": "10", "latestUpdateTime": "1389127951529" }, { "id": "28", "name": "Queensbridge  Southbank", "terminalName": "60035", "lastCommWithServer": "1389128847122", "lat": "-37.821071", "long": "144.961113", "installed": "true", "locked": "false", "installDate": "1277364000000", "removalDate": {  }, "temporary": "false", "public": "true", "nbBikes": "10", "nbEmptyDocks": "5", "latestUpdateTime": "1389128846011" }, { "id": "29", "name": "Southern Cross Station", "terminalName": "60034", "lastCommWithServer": "1389128754448", "lat": "-37.818124", "long": "144.953581", "installed": "true", "locked": "false", "installDate": "1277364120000", "removalDate": {  }, "temporary": "false", "public": "true", "nbBikes": "24", "nbEmptyDocks": "3", "latestUpdateTime": "1389125869816" }, { "id": "30", "name": "Collins St / Market St (Suncorp Forecourt)", "terminalName": "60023", "lastCommWithServer": "1389128564966", "lat": "-37.817556", "long": "144.959859", "installed": "true", "locked": "false", "installDate": "1277364240000", "removalDate": {  }, "temporary": "false", "public": "true", "nbBikes": "8", "nbEmptyDocks": "2", "latestUpdateTime": "1389126799746" }, { "id": "31", "name": "St Kilda - Cleve Gardens", "terminalName": "60032", "lastCommWithServer": "1389128565611", "lat": "-37.861984", "long": "144.97341", "installed": "true", "locked": "false", "installDate": "1387333800000", "removalDate": {  }, "temporary": "false", "public": "true", "nbBikes": "10", "nbEmptyDocks": "5", "latestUpdateTime": "1389101615262" }, { "id": "32", "name": "Bourke Street / Exhibition St (opp. Department of Transport)", "terminalName": "60030", "lastCommWithServer": "1389128836752", "lat": "-37.812052", "long": "144.970272", "installed": "true", "locked": "false", "installDate": "1277364480000", "removalDate": {  }, "temporary": "false", "public": "true", "nbBikes": "10", "nbEmptyDocks": "5", "latestUpdateTime": "1389126074393" }, { "id": "33", "name": "Docklands - Siddeley St / Seafarers Bridge", "terminalName": "60031", "lastCommWithServer": "1389128694691", "lat": "-37.823124", "long": "144.951918", "installed": "true", "locked": "false", "installDate": "1277366340000", "removalDate": {  }, "temporary": "false", "public": "true", "nbBikes": "11", "nbEmptyDocks": "12", "latestUpdateTime": "1389124356546" }, { "id": "34", "name": "Bourke Street / New Chancery Ln (RACV)", "terminalName": "60013", "lastCommWithServer": "1389128468757", "lat": "-37.815505", "long": "144.959278", "installed": "true", "locked": "false", "installDate": "1277449260000", "removalDate": {  }, "temporary": "false", "public": "true", "nbBikes": "2", "nbEmptyDocks": "9", "latestUpdateTime": "1389101616967" }, { "id": "35", "name": "Elizabeth St / Little Lonsdale St (360 Elizabeth)", "terminalName": "60033", "lastCommWithServer": "1389128706462", "lat": "-37.811187", "long": "144.961858", "installed": "true", "locked": "false", "installDate": "1277449680000", "removalDate": {  }, "temporary": "false", "public": "true", "nbBikes": "5", "nbEmptyDocks": "2", "latestUpdateTime": "1389089224013" }, { "id": "36", "name": "Collins St / King St ", "terminalName": "60022", "lastCommWithServer": "1389128599932", "lat": "-37.818294", "long": "144.956553", "installed": "true", "locked": "false", "installDate": "1314738000000", "removalDate": {  }, "temporary": "false", "public": "true", "nbBikes": "3", "nbEmptyDocks": "8", "latestUpdateTime": "1389087626712" }, { "id": "37", "name": "University Square - Grattan St", "terminalName": "60045", "lastCommWithServer": "1389128452923", "lat": "-37.800214", "long": "144.960313", "installed": "true", "locked": "false", "installDate": "1279193820000", "removalDate": {  }, "temporary": "false", "public": "true", "nbBikes": "7", "nbEmptyDocks": "8", "latestUpdateTime": "1389128451779" }, { "id": "38", "name": "Aquarium - Kings Way / Yarra River", "terminalName": "60046", "lastCommWithServer": "1389128829425", "lat": "-37.821324", "long": "144.958318", "installed": "true", "locked": "false", "installDate": "1279194060000", "removalDate": {  }, "temporary": "false", "public": "true", "nbBikes": "6", "nbEmptyDocks": "5", "latestUpdateTime": "1389128828080" }, { "id": "39", "name": "Richmond Station - Brunton Avenue", "terminalName": "60020", "lastCommWithServer": "1389128835776", "lat": "-37.822962", "long": "144.988507", "installed": "true", "locked": "false", "installDate": "1279850040000", "removalDate": {  }, "temporary": "false", "public": "true", "nbBikes": "14", "nbEmptyDocks": "5", "latestUpdateTime": "1389123839640" }, { "id": "40", "name": "Rod Laver Arena - Batman Ave / Swan St", "terminalName": "60047", "lastCommWithServer": "1389128468780", "lat": "-37.822987", "long": "144.978459", "installed": "true", "locked": "false", "installDate": "1279850640000", "removalDate": {  }, "temporary": "false", "public": "true", "nbBikes": "13", "nbEmptyDocks": "9", "latestUpdateTime": "1389101615370" }, { "id": "41", "name": "Park St / St Kilda Rd", "terminalName": "60016", "lastCommWithServer": "1389128876226", "lat": "-37.832396", "long": "144.971678", "installed": "true", "locked": "false", "installDate": {  }, "removalDate": {  }, "temporary": "false", "public": "true", "nbBikes": "11", "nbEmptyDocks": "4", "latestUpdateTime": "1389125206228" }, { "id": "42", "name": "Kingsway / St Kilda Rd", "terminalName": "60018", "lastCommWithServer": "1389128906573", "lat": "-37.836323", "long": "144.975162", "installed": "true", "locked": "false", "installDate": "1315359000000", "removalDate": {  }, "temporary": "false", "public": "true", "nbBikes": "22", "nbEmptyDocks": "5", "latestUpdateTime": "1389128905348" }, { "id": "43", "name": "Spring St / Collins St", "terminalName": "60019", "lastCommWithServer": "1389128529212", "lat": "-37.813774", "long": "144.974054", "installed": "true", "locked": "false", "installDate": "1279850400000", "removalDate": {  }, "temporary": "false", "public": "true", "nbBikes": "8", "nbEmptyDocks": "3", "latestUpdateTime": "1389128008597" }, { "id": "44", "name": "Queens Rd / Bowen Cres", "terminalName": "60036", "lastCommWithServer": "1389128800356", "lat": "-37.835383", "long": "144.973699", "installed": "true", "locked": "false", "installDate": {  }, "removalDate": {  }, "temporary": "false", "public": "true", "nbBikes": "10", "nbEmptyDocks": "5", "latestUpdateTime": "1389126265253" }, { "id": "45", "name": "St Kilda - Luna Park", "terminalName": "60037", "lastCommWithServer": "1389128990747", "lat": "-37.867068", "long": "144.976428", "installed": "true", "locked": "false", "installDate": "1387929600000", "removalDate": {  }, "temporary": "false", "public": "true", "nbBikes": "9", "nbEmptyDocks": "9", "latestUpdateTime": "1389087198622" }, { "id": "46", "name": "York St / Cecil St", "terminalName": "60039", "lastCommWithServer": "1389128319741", "lat": "-37.831475", "long": "144.957511", "installed": "true", "locked": "false", "installDate": "1286867100000", "removalDate": {  }, "temporary": "false", "public": "true", "nbBikes": "11", "nbEmptyDocks": "4", "latestUpdateTime": "1389128318778" }, { "id": "47", "name": "VCAM - St Kilda Rd / Southbank Blvd", "terminalName": "60040", "lastCommWithServer": "1389128870271", "lat": "-37.824088", "long": "144.970085", "installed": "true", "locked": "false", "installDate": "1280967360000", "removalDate": {  }, "temporary": "false", "public": "true", "nbBikes": "4", "nbEmptyDocks": "7", "latestUpdateTime": "1389128869479" }, { "id": "48", "name": "Museum - Rathdowne St", "terminalName": "60041", "lastCommWithServer": "1389128588647", "lat": "-37.803868", "long": "144.969609", "installed": "true", "locked": "false", "installDate": {  }, "removalDate": {  }, "temporary": "false", "public": "true", "nbBikes": "11", "nbEmptyDocks": "4", "latestUpdateTime": "1389124951072" }, { "id": "49", "name": "Jolimont Station - Wellington Parade South", "terminalName": "60042", "lastCommWithServer": "1389128859084", "lat": "-37.816731", "long": "144.982006", "installed": "true", "locked": "false", "installDate": "1282704240000", "removalDate": {  }, "temporary": "false", "public": "true", "nbBikes": "9", "nbEmptyDocks": "2", "latestUpdateTime": "1389128857753" }, { "id": "50", "name": "ACCA (Australian Centre of Contemporary Art)", "terminalName": "60043", "lastCommWithServer": "1389128274731", "lat": "-37.826578", "long": "144.966542", "installed": "true", "locked": "false", "installDate": "1317170580000", "removalDate": {  }, "temporary": "false", "public": "true", "nbBikes": "9", "nbEmptyDocks": "14", "latestUpdateTime": "1389101614859" }, { "id": "51", "name": "Docklands - Collins St (ANZ) ", "terminalName": "60044", "lastCommWithServer": "1389128393957", "lat": "-37.821568", "long": "144.944488", "installed": "true", "locked": "false", "installDate": "1282909260000", "removalDate": {  }, "temporary": "false", "public": "true", "nbBikes": "3", "nbEmptyDocks": "16", "latestUpdateTime": "1389101617784" }, { "id": "52", "name": "William St / Peel St (Flagstaff Gardens)", "terminalName": "60048", "lastCommWithServer": "1389128827098", "lat": "-37.809216", "long": "144.955223", "installed": "true", "locked": "false", "installDate": "1279850880000", "removalDate": {  }, "temporary": "false", "public": "true", "nbBikes": "1", "nbEmptyDocks": "10", "latestUpdateTime": "1389126475674" }, { "id": "53", "name": "Victoria Market - Elizabeth St / Victoria St (NW)", "terminalName": "60049", "lastCommWithServer": "1389128177589", "lat": "-37.806091", "long": "144.959017", "installed": "true", "locked": "false", "installDate": {  }, "removalDate": {  }, "temporary": "false", "public": "true", "nbBikes": "23", "nbEmptyDocks": "2", "latestUpdateTime": "1389125432297" }, { "id": "55", "name": "Coventry St / Clarendon St", "terminalName": "60050", "lastCommWithServer": "1389128876389", "lat": "-37.831776", "long": "144.960818", "installed": "true", "locked": "false", "installDate": "1286866860000", "removalDate": {  }, "temporary": "false", "public": "true", "nbBikes": "7", "nbEmptyDocks": "4", "latestUpdateTime": "1389082248103" } ]